{"cameraMode":{"drawMode":0,"name":"Shaded","section":"Shading Mode"},"sceneLighting":true,"audioPlay":false,"sceneViewState":{"showFog":true,"showMaterialUpdate":false,"showSkybox":false,"showFlares":true,"showImageEffects":true,"showParticleSystems":true},"in2DMode":false,"pivot":{"x":19.306772232055665,"y":1.9393703937530518,"z":-24.06961441040039},"rotation":{"x":0.13007046282291413,"y":0.6276429891586304,"z":-0.10741712152957916,"w":0.7600129246711731},"size":0.3535533845424652,"orthographic":false}