{"cameraMode":{"drawMode":0,"name":"Shaded","section":"Shading Mode"},"sceneLighting":true,"audioPlay":false,"sceneViewState":{"showFog":true,"showMaterialUpdate":false,"showSkybox":false,"showFlares":true,"showImageEffects":true,"showParticleSystems":true},"in2DMode":false,"pivot":{"x":-26.458051681518556,"y":8.05583667755127,"z":1.0},"rotation":{"x":0.09827204048633576,"y":0.6594415307044983,"z":-0.08755606412887573,"w":0.7401518821716309},"size":0.3535533845424652,"orthographic":false}